mean_reward,median_reward,std_reward,max_reward,min_reward,reward_range,mean_episode_length,median_episode_length,std_episode_length,convergence_episode,learning_rate,improvement_rate,plateau_episodes,steps_per_second,reward_per_step,reward_per_second,exploration_efficiency,performance_stability,consistency_score,volatility,badges_collected,events_completed,areas_explored,pokemon_caught,pareto_efficiency,risk_adjusted_return,sharpe_ratio,agent
27.3,29.0,9.34933152690608,40,10,30,827,810,93.49331526906082,10,3.1818181818181817,0.7300000000000001,0,16.408730158730158,0.03301088270858525,0.5416666666666666,0.0036275695284159614,0.342466356296926,0.6883556158736788,0.1584288225839413,0.0,0.0,0.0,0.0,0.5766666665776111,2.9199948596789387,2.9199948596789387,PPO
25.3,27.5,9.685556256612214,39,8,31,868,840,113.56055653262712,10,3.3151515151515154,0.9418604651162791,0,16.439393939393938,0.02914746543778802,0.4791666666666667,0.0035714285714285713,0.3828283105380322,0.6875627015003922,0.17211548091353426,0.0,0.0,0.0,0.0,0.5842954158743672,2.6121370140953952,2.6121370140953952,Epsilon_Greedy
