{
  "algorithm_config": {
    "name": "Bfs",
    "algorithm": "bfs",
    "params": {}
  },
  "execution_summary": {
    "steps": 57,
    "time_seconds": 0.010682821273803711,
    "total_reward": 31.150000000000002,
    "termination_reason": "Pokemon obtenido",
    "pokemon_obtained": true
  },
  "action_statistics": {
    "0": 24,
    "1": 16,
    "2": 8,
    "3": 9,
    "4": 0,
    "5": 0,
    "6": 0
  },
  "position_history": [
    [
      14,
      11
    ],
    [
      24,
      11
    ],
    [
      23,
      9
    ],
    [
      22,
      17
    ],
    [
      13,
      8
    ],
    [
      21,
      2
    ],
    [
      24,
      3
    ],
    [
      20,
      9
    ],
    [
      18,
      14
    ],
    [
      16,
      7
    ],
    [
      22,
      1
    ],
    [
      24,
      1
    ],
    [
      19,
      1
    ],
    [
      22,
      10
    ],
    [
      23,
      12
    ],
    [
      6,
      9
    ],
    [
      15,
      16
    ],
    [
      4,
      11
    ],
    [
      9,
      22
    ],
    [
      3,
      16
    ],
    [
      8,
      11
    ],
    [
      7,
      9
    ],
    [
      13,
      1
    ],
    [
      0,
      2
    ],
    [
      8,
      24
    ],
    [
      15,
      11
    ],
    [
      10,
      17
    ],
    [
      20,
      15
    ],
    [
      3,
      5
    ],
    [
      18,
      11
    ],
    [
      7,
      1
    ],
    [
      24,
      5
    ],
    [
      16,
      12
    ],
    [
      16,
      12
    ],
    [
      13,
      11
    ],
    [
      11,
      14
    ],
    [
      0,
      0
    ],
    [
      2,
      14
    ],
    [
      16,
      17
    ],
    [
      10,
      22
    ],
    [
      17,
      24
    ],
    [
      17,
      4
    ],
    [
      11,
      3
    ],
    [
      16,
      21
    ],
    [
      9,
      23
    ],
    [
      8,
      14
    ],
    [
      10,
      7
    ],
    [
      16,
      9
    ],
    [
      21,
      15
    ],
    [
      3,
      3
    ]
  ],
  "reward_history": [
    0.08,
    0.09,
    0.1,
    0.11,
    0.12,
    0.13,
    0.14,
    0.15,
    0.16,
    0.17,
    0.18,
    0.19,
    0.2,
    0.21,
    0.22,
    1.23,
    0.24,
    0.25,
    0.26,
    0.27,
    0.28,
    0.79,
    0.3,
    0.81,
    0.32,
    0.33,
    0.34,
    0.35000000000000003,
    1.3599999999999999,
    0.36,
    0.37,
    0.38,
    0.39,
    0.39,
    0.4,
    0.41000000000000003,
    0.42,
    0.43,
    0.44,
    0.45,
    0.46,
    0.47000000000000003,
    0.48,
    0.49,
    0.5,
    0.51,
    0.52,
    0.53,
    0.54,
    12.05
  ],
  "agent_info_samples": [
    {
      "algorithm": "BFS",
      "current_position": [
        17,
        24
      ],
      "goal_position": [
        5,
        3
      ],
      "visited_positions": 46,
      "step_count": 48,
      "nodes_explored": 391,
      "paths_found": 36,
      "search_time": 0.0,
      "current_path_length": 0,
      "path_progress": "0/0",
      "stuck_counter": 0,
      "recent_actions": [
        1,
        1,
        1,
        3,
        3
      ]
    },
    {
      "algorithm": "BFS",
      "current_position": [
        17,
        4
      ],
      "goal_position": [
        5,
        3
      ],
      "visited_positions": 47,
      "step_count": 49,
      "nodes_explored": 392,
      "paths_found": 37,
      "search_time": 0.0,
      "current_path_length": 0,
      "path_progress": "0/0",
      "stuck_counter": 0,
      "recent_actions": [
        1,
        1,
        3,
        3,
        1
      ]
    },
    {
      "algorithm": "BFS",
      "current_position": [
        11,
        3
      ],
      "goal_position": [
        5,
        3
      ],
      "visited_positions": 48,
      "step_count": 50,
      "nodes_explored": 433,
      "paths_found": 38,
      "search_time": 0.0,
      "current_path_length": 5,
      "path_progress": "1/5",
      "stuck_counter": 0,
      "recent_actions": [
        1,
        3,
        3,
        1,
        0
      ]
    },
    {
      "algorithm": "BFS",
      "current_position": [
        16,
        21
      ],
      "goal_position": [
        5,
        3
      ],
      "visited_positions": 49,
      "step_count": 51,
      "nodes_explored": 433,
      "paths_found": 38,
      "search_time": 0.0,
      "current_path_length": 5,
      "path_progress": "2/5",
      "stuck_counter": 0,
      "recent_actions": [
        3,
        3,
        1,
        0,
        0
      ]
    },
    {
      "algorithm": "BFS",
      "current_position": [
        9,
        23
      ],
      "goal_position": [
        5,
        3
      ],
      "visited_positions": 50,
      "step_count": 52,
      "nodes_explored": 433,
      "paths_found": 38,
      "search_time": 0.0,
      "current_path_length": 5,
      "path_progress": "3/5",
      "stuck_counter": 0,
      "recent_actions": [
        3,
        1,
        0,
        0,
        0
      ]
    },
    {
      "algorithm": "BFS",
      "current_position": [
        8,
        14
      ],
      "goal_position": [
        5,
        3
      ],
      "visited_positions": 51,
      "step_count": 53,
      "nodes_explored": 433,
      "paths_found": 38,
      "search_time": 0.0,
      "current_path_length": 5,
      "path_progress": "4/5",
      "stuck_counter": 0,
      "recent_actions": [
        1,
        0,
        0,
        0,
        0
      ]
    },
    {
      "algorithm": "BFS",
      "current_position": [
        10,
        7
      ],
      "goal_position": [
        5,
        3
      ],
      "visited_positions": 52,
      "step_count": 54,
      "nodes_explored": 433,
      "paths_found": 38,
      "search_time": 0.0,
      "current_path_length": 5,
      "path_progress": "5/5",
      "stuck_counter": 0,
      "recent_actions": [
        0,
        0,
        0,
        0,
        0
      ]
    },
    {
      "algorithm": "BFS",
      "current_position": [
        16,
        9
      ],
      "goal_position": [
        5,
        3
      ],
      "visited_positions": 53,
      "step_count": 55,
      "nodes_explored": 434,
      "paths_found": 39,
      "search_time": 0.0,
      "current_path_length": 0,
      "path_progress": "0/0",
      "stuck_counter": 0,
      "recent_actions": [
        0,
        0,
        0,
        0,
        0
      ]
    },
    {
      "algorithm": "BFS",
      "current_position": [
        21,
        15
      ],
      "goal_position": [
        5,
        3
      ],
      "visited_positions": 54,
      "step_count": 56,
      "nodes_explored": 435,
      "paths_found": 40,
      "search_time": 0.0,
      "current_path_length": 0,
      "path_progress": "0/0",
      "stuck_counter": 0,
      "recent_actions": [
        0,
        0,
        0,
        0,
        3
      ]
    },
    {
      "algorithm": "BFS",
      "current_position": [
        3,
        3
      ],
      "goal_position": [
        5,
        3
      ],
      "visited_positions": 55,
      "step_count": 57,
      "nodes_explored": 436,
      "paths_found": 41,
      "search_time": 0.0,
      "current_path_length": 0,
      "path_progress": "0/0",
      "stuck_counter": 0,
      "recent_actions": [
        0,
        0,
        0,
        3,
        1
      ]
    }
  ],
  "performance_metrics": {
    "positions_visited": 55,
    "efficiency": 0.5464912280701755,
    "speed": 570.0,
    "most_used_action": 0,
    "action_diversity": 4
  }
}