{
  "timestamp": 1758383335,
  "session_info": {
    "total_steps": 324,
    "total_reward": 25.8,
    "elapsed_time": 22.821815013885498,
    "reason": "Interrumpido por usuario",
    "scenario": "Pok\u00e9mon Red - Agente PPO Preentrenado (Interrumpido por usuario)",
    "model_path": "runs\\poke_26214400.zip"
  },
  "performance": {
    "avg_reward_per_step": 0.07962962962962963,
    "steps_per_second": 14.196942697277512,
    "max_reward": 25.8,
    "min_reward": 0.0
  },
  "system_resources": {
    "memory_mb": 377.765625,
    "avg_memory_mb": 377.34765625,
    "cpu_percent": 470.4,
    "unique_positions": 1
  },
  "action_history": [
    3,
    4,
    4,
    0,
    1,
    4,
    5,
    4,
    3,
    4,
    4,
    1,
    3,
    3,
    3,
    3,
    2,
    3,
    2,
    2,
    2,
    2,
    0,
    1,
    0,
    0,
    0,
    0,
    0,
    0,
    0,
    1,
    1,
    1,
    1,
    0,
    3,
    2,
    2,
    2,
    2,
    3,
    3,
    3,
    3,
    2,
    2,
    3,
    0,
    1,
    6,
    4,
    4,
    4,
    4,
    4,
    4,
    0,
    6,
    4,
    0,
    1,
    5,
    3,
    4,
    4,
    2,
    4,
    6,
    4,
    4,
    4,
    4,
    4,
    4,
    4,
    4,
    4,
    4,
    4,
    4,
    4,
    4,
    4,
    3,
    0,
    0,
    2,
    0,
    1,
    3,
    1,
    3,
    1,
    0,
    4,
    0,
    4,
    1,
    4,
    3,
    3,
    3,
    3,
    3,
    3,
    3,
    3,
    4,
    2,
    4,
    4,
    4,
    4,
    4,
    4,
    4,
    4,
    4,
    4,
    4,
    4,
    4,
    4,
    4,
    4,
    4,
    4,
    4,
    4,
    4,
    4,
    4,
    4,
    4,
    4,
    4,
    4,
    4,
    4,
    4,
    4,
    4,
    4,
    4,
    4,
    4,
    4,
    4,
    4,
    4,
    4,
    4,
    4,
    4,
    4,
    4,
    4,
    4,
    4,
    4,
    4,
    4,
    1,
    4,
    4,
    4,
    4,
    4,
    4,
    4,
    4,
    4,
    4,
    4,
    5,
    4,
    4,
    4,
    4,
    4,
    4,
    4,
    4,
    5,
    3,
    4,
    2,
    4,
    4,
    4,
    4,
    3,
    4,
    3,
    4,
    2,
    4,
    4,
    4,
    4,
    4,
    0,
    0,
    0,
    0,
    0,
    1,
    6,
    4,
    3,
    4,
    3,
    3,
    3,
    4,
    2,
    4,
    4,
    4,
    4,
    4,
    2,
    4,
    4,
    2,
    4,
    1,
    4,
    1,
    4,
    4,
    2,
    4,
    4,
    0,
    4,
    4,
    4,
    4,
    4,
    4,
    4,
    4,
    4,
    4,
    4,
    4,
    4,
    4,
    4,
    4,
    4,
    4,
    4,
    6,
    0,
    3,
    2,
    3,
    6,
    2,
    4,
    3,
    0,
    4,
    4,
    4,
    4,
    3,
    4,
    4,
    4,
    4,
    4,
    4,
    4,
    4,
    4,
    4,
    4,
    4,
    4,
    4,
    4,
    4,
    4,
    1,
    4,
    4,
    4,
    1,
    6,
    4,
    2,
    1,
    2,
    5,
    4,
    4,
    2,
    1,
    0,
    4,
    4,
    4,
    4,
    1,
    4,
    0,
    5,
    4,
    5,
    2,
    5,
    3,
    5,
    4,
    1,
    1,
    2,
    2,
    2,
    2
  ],
  "reward_history": [
    0.1,
    0.0,
    0.0,
    0.0,
    0.0,
    0.0,
    0.0,
    0.0,
    0.0,
    0.0,
    0.0,
    0.1,
    0.10000000000000003,
    0.09999999999999998,
    0.09999999999999998,
    0.10000000000000009,
    0.09999999999999998,
    0.09999999999999998,
    0.09999999999999998,
    0.09999999999999998,
    0.10000000000000009,
    0.10000000000000009,
    0.0,
    0.0,
    0.0,
    0.09999999999999987,
    0.10000000000000009,
    0.09999999999999987,
    0.10000000000000009,
    0.10000000000000009,
    0.09999999999999987,
    0.10000000000000009,
    0.09999999999999987,
    0.10000000000000009,
    0.10000000000000009,
    0.10000000000000009,
    0.10000000000000009,
    0.09999999999999964,
    0.10000000000000009,
    0.10000000000000009,
    0.10000000000000009,
    0.10000000000000009,
    0.09999999999999964,
    0.10000000000000009,
    0.10000000000000009,
    0.10000000000000009,
    0.10000000000000009,
    4.1,
    0.0,
    0.0,
    0.0,
    0.0,
    0.0,
    0.0,
    0.0,
    0.0,
    0.0,
    0.0,
    0.0,
    0.0,
    0.0,
    0.0,
    0.0,
    0.0,
    0.0,
    0.0,
    0.0,
    0.0,
    0.0,
    0.0,
    0.0,
    0.0,
    0.0,
    0.0,
    0.0,
    0.0,
    0.0,
    0.0,
    0.0,
    0.0,
    0.0,
    0.0,
    0.0,
    0.0,
    0.09999999999999964,
    0.10000000000000053,
    0.10000000000000053,
    0.09999999999999964,
    0.09999999999999964,
    0.10000000000000142,
    0.09999999999999787,
    0.10000000000000142,
    0.09999999999999964,
    0.09999999999999964,
    0.10000000000000142,
    0.0,
    0.09999999999999787,
    0.0,
    0.0,
    0.0,
    0.0,
    0.0,
    0.10000000000000142,
    0.09999999999999964,
    0.09999999999999964,
    0.10000000000000142,
    0.09999999999999787,
    8.100000000000001,
    0.0,
    0.0,
    0.0,
    0.0,
    0.0,
    0.0,
    0.0,
    0.0,
    0.0,
    0.0,
    0.0,
    0.0,
    0.0,
    0.0,
    0.0,
    0.0,
    0.0,
    0.0,
    0.0,
    0.0,
    0.0,
    0.0,
    0.0,
    0.0,
    0.0,
    0.0,
    0.0,
    0.0,
    0.0,
    0.0,
    0.0,
    0.0,
    0.0,
    0.0,
    0.0,
    0.0,
    0.0,
    0.0,
    0.0,
    0.0,
    0.0,
    0.0,
    0.0,
    0.0,
    0.0,
    0.0,
    0.0,
    0.0,
    0.0,
    0.0,
    0.0,
    0.0,
    0.0,
    0.0,
    4.0,
    0.0,
    0.0,
    0.0,
    0.0,
    0.0,
    0.0,
    0.0,
    0.0,
    0.0,
    0.0,
    0.0,
    0.0,
    0.0,
    0.0,
    0.0,
    0.0,
    0.0,
    0.0,
    0.0,
    0.0,
    0.0,
    0.0,
    0.0,
    0.0,
    0.0,
    0.0,
    0.0,
    0.0,
    0.0,
    0.0,
    0.0,
    0.0,
    0.0,
    0.0,
    0.0,
    0.0,
    0.0,
    0.0,
    0.0,
    0.0,
    0.09999999999999787,
    0.0,
    0.0,
    0.0,
    0.0,
    0.0,
    0.0,
    0.0,
    0.0,
    0.0,
    0.0,
    0.0,
    0.0,
    0.0,
    0.0,
    0.0,
    0.0,
    0.0,
    0.0,
    0.0,
    0.0,
    0.0,
    0.0,
    0.0,
    0.0,
    0.0,
    0.0,
    0.0,
    0.0,
    0.0,
    0.0,
    0.0,
    0.0,
    0.0,
    0.0,
    0.0,
    0.0,
    0.0,
    0.0,
    0.0,
    0.0,
    0.0,
    0.0,
    0.0,
    0.0,
    0.0,
    0.0,
    0.0,
    0.0,
    0.0,
    0.0,
    0.0,
    0.0,
    0.0,
    0.0,
    0.0,
    0.0,
    0.0,
    0.0,
    0.0,
    0.0,
    0.0,
    0.0,
    0.0,
    0.0,
    0.0,
    0.0,
    0.0,
    0.0,
    0.0,
    0.0,
    0.0,
    0.0,
    0.0,
    0.0,
    0.0,
    0.0,
    0.0,
    0.0,
    4.0,
    0.0,
    0.0,
    0.0,
    0.0,
    0.10000000000000142,
    0.0,
    0.0,
    0.0,
    0.10000000000000142,
    0.0,
    0.0,
    0.0,
    0.0,
    0.0,
    0.0,
    0.0,
    0.0,
    0.0,
    0.0,
    0.0,
    0.0,
    0.0,
    0.0,
    0.0,
    0.0,
    0.0,
    0.0,
    0.0,
    0.0,
    0.0,
    0.0,
    0.0,
    0.0,
    0.0,
    0.0,
    0.09999999999999787,
    0.10000000000000142,
    0.0,
    0.0,
    0.0,
    0.0
  ],
  "agent_type": "PPO",
  "model_info": {
    "algorithm": "Proximal Policy Optimization",
    "deterministic": false,
    "pretrained": true
  }
}