{
  "agent_config": {
    "epsilon_start": 0.5,
    "epsilon_min": 0.05,
    "epsilon_decay": 0.995,
    "scenario_detection_enabled": true
  },
  "env_config": {
    "headless": true,
    "save_final_state": false,
    "early_stop": false,
    "action_freq": 24,
    "init_state": "../init.state",
    "max_steps": 40960,
    "print_rewards": false,
    "save_video": false,
    "fast_video": true,
    "session_path": "comparison_session",
    "gb_path": "../PokemonRed.gb",
    "debug": false,
    "reward_scale": 0.5,
    "explore_weight": 0.25
  },
  "episode_metrics": [
    {
      "episode_reward": 21.642254935720842,
      "episode_length": 40960,
      "episode_time": 232.5631914138794,
      "steps_per_second": 176.1241740405335,
      "average_reward": 0.0005283753646416221,
      "final_epsilon": 0.05,
      "scenario_distribution": {
        "exploration": 0.0,
        "battle": 0.0,
        "navigation": 0.0002197265625,
        "progression": 0.0,
        "stuck": 0.9997802734375
      },
      "action_distribution": {
        "action_0": 0.1096923828125,
        "action_1": 0.1091552734375,
        "action_2": 0.11123046875,
        "action_3": 0.109375,
        "action_4": 0.5457763671875,
        "action_5": 0.007470703125,
        "action_6": 0.0072998046875
      },
      "exploration_efficiency": 0.02,
      "total_steps": 40960,
      "stagnation_final": 4913,
      "rewards_std": 0.03626239549423452,
      "rewards_trend": -2.7934230537134735e-08
    },
    {
      "episode_reward": 16.5125,
      "episode_length": 40960,
      "episode_time": 223.70284509658813,
      "steps_per_second": 183.10004051273782,
      "average_reward": 0.00040313720703124997,
      "final_epsilon": 0.05,
      "scenario_distribution": {
        "exploration": 0.0,
        "battle": 0.0,
        "navigation": 0.0002197265625,
        "progression": 0.0,
        "stuck": 0.9997802734375
      },
      "action_distribution": {
        "action_0": 0.1115966796875,
        "action_1": 0.11708984375,
        "action_2": 0.11484375,
        "action_3": 0.1156982421875,
        "action_4": 0.52626953125,
        "action_5": 0.006689453125,
        "action_6": 0.0078125
      },
      "exploration_efficiency": 0.02,
      "total_steps": 81920,
      "stagnation_final": 0,
      "rewards_std": 0.028098294372649605,
      "rewards_trend": -2.3479859751557985e-08
    }
  ],
  "summary_stats": {
    "total_episodes": 2,
    "total_steps": 81920,
    "mean_episode_reward": 19.077377467860423,
    "std_episode_reward": 2.5648774678604216,
    "max_episode_reward": 21.642254935720842,
    "min_episode_reward": 16.5125,
    "mean_episode_length": 40960.0,
    "std_episode_length": 0.0,
    "reward_improvement_trend": -5.129754935720847
  }
}