{
  "algorithm_config": {
    "name": "Bfs",
    "algorithm": "bfs",
    "params": {}
  },
  "execution_summary": {
    "steps": 50,
    "time_seconds": 0.009071111679077148,
    "total_reward": 28.11,
    "termination_reason": "Pokemon obtenido",
    "pokemon_obtained": true
  },
  "action_statistics": {
    "0": 14,
    "1": 19,
    "2": 10,
    "3": 6,
    "4": 1,
    "5": 0,
    "6": 0
  },
  "position_history": [
    [
      13,
      1
    ],
    [
      23,
      20
    ],
    [
      10,
      16
    ],
    [
      19,
      11
    ],
    [
      20,
      18
    ],
    [
      19,
      6
    ],
    [
      18,
      4
    ],
    [
      21,
      4
    ],
    [
      5,
      18
    ],
    [
      12,
      11
    ],
    [
      16,
      23
    ],
    [
      18,
      11
    ],
    [
      2,
      14
    ],
    [
      12,
      18
    ],
    [
      0,
      14
    ],
    [
      13,
      11
    ],
    [
      20,
      2
    ],
    [
      9,
      7
    ],
    [
      19,
      23
    ],
    [
      7,
      1
    ],
    [
      6,
      20
    ],
    [
      6,
      14
    ],
    [
      8,
      8
    ],
    [
      22,
      21
    ],
    [
      20,
      24
    ],
    [
      7,
      16
    ],
    [
      2,
      1
    ],
    [
      18,
      1
    ],
    [
      23,
      6
    ],
    [
      23,
      16
    ],
    [
      4,
      9
    ],
    [
      0,
      7
    ],
    [
      6,
      19
    ],
    [
      15,
      5
    ],
    [
      12,
      17
    ],
    [
      14,
      22
    ],
    [
      8,
      6
    ],
    [
      17,
      18
    ],
    [
      16,
      7
    ],
    [
      6,
      9
    ],
    [
      0,
      7
    ],
    [
      16,
      10
    ],
    [
      21,
      16
    ],
    [
      18,
      9
    ],
    [
      7,
      21
    ],
    [
      5,
      11
    ],
    [
      23,
      20
    ],
    [
      17,
      11
    ],
    [
      13,
      5
    ],
    [
      5,
      4
    ]
  ],
  "reward_history": [
    0.01,
    0.02,
    0.03,
    0.04,
    0.05,
    0.06,
    0.07,
    0.08,
    0.09,
    0.1,
    0.11,
    0.12,
    0.13,
    0.14,
    0.15,
    0.16,
    0.17,
    0.18,
    0.19,
    0.2,
    0.21,
    0.22,
    0.73,
    0.24,
    0.25,
    0.26,
    1.27,
    0.28,
    0.29,
    0.3,
    1.31,
    0.32,
    0.33,
    0.34,
    0.35000000000000003,
    0.36,
    0.37,
    0.38,
    0.39,
    1.4,
    0.4,
    0.41000000000000003,
    0.42,
    0.43,
    0.44,
    0.95,
    0.45,
    0.46,
    0.47000000000000003,
    11.98
  ],
  "agent_info_samples": [
    {
      "algorithm": "BFS",
      "current_position": [
        0,
        7
      ],
      "goal_position": [
        5,
        3
      ],
      "visited_positions": 40,
      "step_count": 41,
      "nodes_explored": 261,
      "paths_found": 31,
      "search_time": 0.0,
      "current_path_length": 4,
      "path_progress": "1/4",
      "stuck_counter": 0,
      "recent_actions": [
        0,
        0,
        0,
        0,
        1
      ]
    },
    {
      "algorithm": "BFS",
      "current_position": [
        16,
        10
      ],
      "goal_position": [
        5,
        3
      ],
      "visited_positions": 41,
      "step_count": 42,
      "nodes_explored": 261,
      "paths_found": 31,
      "search_time": 0.0,
      "current_path_length": 4,
      "path_progress": "2/4",
      "stuck_counter": 0,
      "recent_actions": [
        0,
        0,
        0,
        1,
        1
      ]
    },
    {
      "algorithm": "BFS",
      "current_position": [
        21,
        16
      ],
      "goal_position": [
        5,
        3
      ],
      "visited_positions": 42,
      "step_count": 43,
      "nodes_explored": 261,
      "paths_found": 31,
      "search_time": 0.0,
      "current_path_length": 4,
      "path_progress": "3/4",
      "stuck_counter": 0,
      "recent_actions": [
        0,
        0,
        1,
        1,
        1
      ]
    },
    {
      "algorithm": "BFS",
      "current_position": [
        18,
        9
      ],
      "goal_position": [
        5,
        3
      ],
      "visited_positions": 43,
      "step_count": 44,
      "nodes_explored": 261,
      "paths_found": 31,
      "search_time": 0.0,
      "current_path_length": 4,
      "path_progress": "4/4",
      "stuck_counter": 0,
      "recent_actions": [
        0,
        1,
        1,
        1,
        1
      ]
    },
    {
      "algorithm": "BFS",
      "current_position": [
        7,
        21
      ],
      "goal_position": [
        5,
        3
      ],
      "visited_positions": 44,
      "step_count": 45,
      "nodes_explored": 262,
      "paths_found": 32,
      "search_time": 0.0,
      "current_path_length": 0,
      "path_progress": "0/0",
      "stuck_counter": 0,
      "recent_actions": [
        1,
        1,
        1,
        1,
        1
      ]
    },
    {
      "algorithm": "BFS",
      "current_position": [
        5,
        11
      ],
      "goal_position": [
        5,
        3
      ],
      "visited_positions": 45,
      "step_count": 46,
      "nodes_explored": 274,
      "paths_found": 33,
      "search_time": 0.0,
      "current_path_length": 2,
      "path_progress": "1/2",
      "stuck_counter": 0,
      "recent_actions": [
        1,
        1,
        1,
        1,
        2
      ]
    },
    {
      "algorithm": "BFS",
      "current_position": [
        23,
        20
      ],
      "goal_position": [
        5,
        3
      ],
      "visited_positions": 45,
      "step_count": 47,
      "nodes_explored": 274,
      "paths_found": 33,
      "search_time": 0.0,
      "current_path_length": 2,
      "path_progress": "2/2",
      "stuck_counter": 0,
      "recent_actions": [
        1,
        1,
        1,
        2,
        2
      ]
    },
    {
      "algorithm": "BFS",
      "current_position": [
        17,
        11
      ],
      "goal_position": [
        5,
        3
      ],
      "visited_positions": 46,
      "step_count": 48,
      "nodes_explored": 275,
      "paths_found": 34,
      "search_time": 0.0,
      "current_path_length": 0,
      "path_progress": "0/0",
      "stuck_counter": 0,
      "recent_actions": [
        1,
        1,
        2,
        2,
        3
      ]
    },
    {
      "algorithm": "BFS",
      "current_position": [
        13,
        5
      ],
      "goal_position": [
        5,
        3
      ],
      "visited_positions": 47,
      "step_count": 49,
      "nodes_explored": 276,
      "paths_found": 35,
      "search_time": 0.0,
      "current_path_length": 0,
      "path_progress": "0/0",
      "stuck_counter": 0,
      "recent_actions": [
        1,
        2,
        2,
        3,
        1
      ]
    },
    {
      "algorithm": "BFS",
      "current_position": [
        5,
        4
      ],
      "goal_position": [
        5,
        3
      ],
      "visited_positions": 48,
      "step_count": 50,
      "nodes_explored": 277,
      "paths_found": 36,
      "search_time": 0.0,
      "current_path_length": 0,
      "path_progress": "0/0",
      "stuck_counter": 0,
      "recent_actions": [
        2,
        2,
        3,
        1,
        2
      ]
    }
  ],
  "performance_metrics": {
    "positions_visited": 48,
    "efficiency": 0.5622,
    "speed": 500.0,
    "most_used_action": 1,
    "action_diversity": 5
  }
}