{
  "algorithm_config": {
    "name": "Bfs",
    "algorithm": "bfs",
    "params": {}
  },
  "execution_summary": {
    "steps": 49,
    "time_seconds": 0.009201526641845703,
    "total_reward": 25.73,
    "termination_reason": "Pokemon obtenido",
    "pokemon_obtained": true
  },
  "action_statistics": {
    "0": 25,
    "1": 7,
    "2": 8,
    "3": 8,
    "4": 1,
    "5": 0,
    "6": 0
  },
  "position_history": [
    [
      5,
      10
    ],
    [
      11,
      11
    ],
    [
      20,
      4
    ],
    [
      12,
      1
    ],
    [
      22,
      8
    ],
    [
      14,
      3
    ],
    [
      22,
      21
    ],
    [
      12,
      1
    ],
    [
      14,
      4
    ],
    [
      15,
      18
    ],
    [
      12,
      19
    ],
    [
      24,
      8
    ],
    [
      22,
      5
    ],
    [
      20,
      14
    ],
    [
      11,
      12
    ],
    [
      24,
      12
    ],
    [
      24,
      8
    ],
    [
      15,
      7
    ],
    [
      21,
      8
    ],
    [
      22,
      7
    ],
    [
      15,
      11
    ],
    [
      10,
      5
    ],
    [
      22,
      5
    ],
    [
      16,
      6
    ],
    [
      12,
      4
    ],
    [
      0,
      23
    ],
    [
      9,
      1
    ],
    [
      1,
      16
    ],
    [
      19,
      0
    ],
    [
      11,
      5
    ],
    [
      2,
      12
    ],
    [
      17,
      21
    ],
    [
      6,
      9
    ],
    [
      22,
      19
    ],
    [
      10,
      11
    ],
    [
      22,
      17
    ],
    [
      18,
      3
    ],
    [
      7,
      6
    ],
    [
      19,
      17
    ],
    [
      9,
      15
    ],
    [
      13,
      1
    ],
    [
      15,
      19
    ],
    [
      10,
      8
    ],
    [
      17,
      13
    ],
    [
      12,
      23
    ],
    [
      9,
      3
    ],
    [
      13,
      8
    ],
    [
      21,
      1
    ],
    [
      4,
      6
    ]
  ],
  "reward_history": [
    1.01,
    0.02,
    0.03,
    0.04,
    0.05,
    0.06,
    0.07,
    0.07,
    0.08,
    0.09,
    0.1,
    0.11,
    0.12,
    0.13,
    0.14,
    0.15,
    0.15,
    0.16,
    0.17,
    0.18,
    0.19,
    0.2,
    0.2,
    0.21,
    0.22,
    0.23,
    0.24,
    0.25,
    0.26,
    0.27,
    0.28,
    0.29,
    1.3,
    0.31,
    0.32,
    0.33,
    0.34,
    0.8500000000000001,
    0.36,
    0.37,
    0.38,
    0.39,
    0.4,
    0.41000000000000003,
    0.42,
    0.43,
    0.44,
    0.45,
    12.46
  ],
  "agent_info_samples": [
    {
      "algorithm": "BFS",
      "current_position": [
        9,
        15
      ],
      "goal_position": [
        5,
        3
      ],
      "visited_positions": 37,
      "step_count": 40,
      "nodes_explored": 358,
      "paths_found": 24,
      "search_time": 0.003,
      "current_path_length": 0,
      "path_progress": "0/0",
      "stuck_counter": 0,
      "recent_actions": [
        3,
        1,
        0,
        0,
        3
      ]
    },
    {
      "algorithm": "BFS",
      "current_position": [
        13,
        1
      ],
      "goal_position": [
        5,
        3
      ],
      "visited_positions": 38,
      "step_count": 41,
      "nodes_explored": 359,
      "paths_found": 25,
      "search_time": 0.003,
      "current_path_length": 0,
      "path_progress": "0/0",
      "stuck_counter": 0,
      "recent_actions": [
        1,
        0,
        0,
        3,
        1
      ]
    },
    {
      "algorithm": "BFS",
      "current_position": [
        15,
        19
      ],
      "goal_position": [
        5,
        3
      ],
      "visited_positions": 39,
      "step_count": 42,
      "nodes_explored": 360,
      "paths_found": 26,
      "search_time": 0.003,
      "current_path_length": 0,
      "path_progress": "0/0",
      "stuck_counter": 0,
      "recent_actions": [
        0,
        0,
        3,
        1,
        2
      ]
    },
    {
      "algorithm": "BFS",
      "current_position": [
        10,
        8
      ],
      "goal_position": [
        5,
        3
      ],
      "visited_positions": 40,
      "step_count": 43,
      "nodes_explored": 361,
      "paths_found": 27,
      "search_time": 0.003,
      "current_path_length": 0,
      "path_progress": "0/0",
      "stuck_counter": 0,
      "recent_actions": [
        0,
        3,
        1,
        2,
        0
      ]
    },
    {
      "algorithm": "BFS",
      "current_position": [
        17,
        13
      ],
      "goal_position": [
        5,
        3
      ],
      "visited_positions": 41,
      "step_count": 44,
      "nodes_explored": 362,
      "paths_found": 28,
      "search_time": 0.003,
      "current_path_length": 0,
      "path_progress": "0/0",
      "stuck_counter": 0,
      "recent_actions": [
        3,
        1,
        2,
        0,
        3
      ]
    },
    {
      "algorithm": "BFS",
      "current_position": [
        12,
        23
      ],
      "goal_position": [
        5,
        3
      ],
      "visited_positions": 42,
      "step_count": 45,
      "nodes_explored": 363,
      "paths_found": 29,
      "search_time": 0.003,
      "current_path_length": 0,
      "path_progress": "0/0",
      "stuck_counter": 0,
      "recent_actions": [
        1,
        2,
        0,
        3,
        1
      ]
    },
    {
      "algorithm": "BFS",
      "current_position": [
        9,
        3
      ],
      "goal_position": [
        5,
        3
      ],
      "visited_positions": 43,
      "step_count": 46,
      "nodes_explored": 377,
      "paths_found": 30,
      "search_time": 0.003,
      "current_path_length": 3,
      "path_progress": "1/3",
      "stuck_counter": 0,
      "recent_actions": [
        2,
        0,
        3,
        1,
        0
      ]
    },
    {
      "algorithm": "BFS",
      "current_position": [
        13,
        8
      ],
      "goal_position": [
        5,
        3
      ],
      "visited_positions": 44,
      "step_count": 47,
      "nodes_explored": 377,
      "paths_found": 30,
      "search_time": 0.003,
      "current_path_length": 3,
      "path_progress": "2/3",
      "stuck_counter": 0,
      "recent_actions": [
        0,
        3,
        1,
        0,
        0
      ]
    },
    {
      "algorithm": "BFS",
      "current_position": [
        21,
        1
      ],
      "goal_position": [
        5,
        3
      ],
      "visited_positions": 45,
      "step_count": 48,
      "nodes_explored": 377,
      "paths_found": 30,
      "search_time": 0.003,
      "current_path_length": 3,
      "path_progress": "3/3",
      "stuck_counter": 0,
      "recent_actions": [
        3,
        1,
        0,
        0,
        0
      ]
    },
    {
      "algorithm": "BFS",
      "current_position": [
        4,
        6
      ],
      "goal_position": [
        5,
        3
      ],
      "visited_positions": 46,
      "step_count": 49,
      "nodes_explored": 377,
      "paths_found": 30,
      "search_time": 0.003,
      "current_path_length": 0,
      "path_progress": "0/0",
      "stuck_counter": 0,
      "recent_actions": [
        1,
        0,
        0,
        0,
        1
      ]
    }
  ],
  "performance_metrics": {
    "positions_visited": 46,
    "efficiency": 0.5251020408163265,
    "speed": 490.0,
    "most_used_action": 0,
    "action_diversity": 5
  }
}