{
  "timestamp": 1758583063,
  "session_info": {
    "total_steps": 10225,
    "total_reward": 37.400000000000006,
    "elapsed_time": 687.6992089748383,
    "reason": "Interrumpido por usuario (Ctrl+C)",
    "scenario": "Demo Epsilon 0.3 - Exploraci\u00f3n Moderada (Interrumpido por usuario (Ctrl+C))"
  },
  "performance": {
    "avg_reward_per_step": 0.003657701711491443,
    "steps_per_second": 14.868419021802474,
    "max_reward": 37.400000000000006,
    "min_reward": -0.05000000000000071
  },
  "heuristics": {
    "explore": 0,
    "battle": 0,
    "menu": 0,
    "overworld": 0,
    "start": 0
  },
  "scenarios": {
    "explore": 0,
    "battle": 0,
    "menu": 0,
    "overworld": 0,
    "start": 0
  },
  "system_resources": {
    "memory_mb": 179.1484375,
    "avg_memory_mb": 171.11600030637254,
    "cpu_percent": 0.0,
    "unique_positions": 1
  },
  "action_history": [
    4,
    4,
    4,
    5,
    4,
    3,
    0,
    3,
    4,
    0,
    4,
    0,
    2,
    4,
    4,
    5,
    4,
    1,
    1,
    0,
    4,
    4,
    4,
    3,
    4,
    1,
    4,
    4,
    2,
    1,
    