{
  "algorithm": "bfs",
  "variant": "default",
  "success": true,
  "execution_time": 26.508413314819336,
  "total_steps": 20,
  "total_reward": 0.6000000000000001,
  "final_state": {
    "total_steps": 20,
    "total_reward": 0.6000000000000001,
    "execution_time_wall": 2.2090344429016113,
    "execution_time_reported": 26.508413314819336,
    "success": true
  },
  "metrics_history": [],
  "error_message": null,
  "timestamp": 1758592707
}