{
  "algorithm": "bfs",
  "variant": "default",
  "success": true,
  "execution_time": 20.05429744720459,
  "total_steps": 25,
  "total_reward": 0.6000000000000001,
  "final_state": {
    "total_steps": 25,
    "total_reward": 0.6000000000000001,
    "execution_time_wall": 1.6711914539337158,
    "execution_time_reported": 20.05429744720459,
    "success": true
  },
  "metrics_history": [],
  "error_message": null,
  "timestamp": 1758592779
}